-- phpMyAdmin SQL Dump
-- version 5.0.2
-- https://www.phpmyadmin.net/
--
-- Host: 127.0.0.1
-- Generation Time: Apr 23, 2022 at 04:12 AM
-- Server version: 10.4.13-MariaDB
-- PHP Version: 7.4.8

SET SQL_MODE = "NO_AUTO_VALUE_ON_ZERO";
START TRANSACTION;
SET time_zone = "+00:00";


/*!40101 SET @OLD_CHARACTER_SET_CLIENT=@@CHARACTER_SET_CLIENT */;
/*!40101 SET @OLD_CHARACTER_SET_RESULTS=@@CHARACTER_SET_RESULTS */;
/*!40101 SET @OLD_COLLATION_CONNECTION=@@COLLATION_CONNECTION */;
/*!40101 SET NAMES utf8mb4 */;

--
-- Database: `projet`
--

-- --------------------------------------------------------

--
-- Table structure for table `choix`
--

CREATE TABLE `choix` (
  `matricule` int(11) DEFAULT NULL,
  `choix_1` varchar(3) DEFAULT NULL,
  `choix_2` varchar(3) DEFAULT NULL,
  `choix_3` varchar(3) DEFAULT NULL
) ENGINE=MyISAM DEFAULT CHARSET=latin1;

--
-- Dumping data for table `choix`
--

INSERT INTO `choix` (`matricule`, `choix_1`, `choix_2`, `choix_3`) VALUES
(21001, 'DSI', 'CNM', 'RSS'),
(21002, 'CNM', 'DSI', 'RSS'),
(21014, 'DSI', 'CNM', 'RSS'),
(21014, '', '', ''),
(21014, 'CNM', 'CNM', 'RSS'),
(21014, 'CNM', 'CNM', 'RSS'),
(21014, 'DSI', 'DSI', 'CNM'),
(21014, '', '', ''),
(21014, '', '', ''),
(21014, 'DSI', 'DSI', 'CNM'),
(21030, 'DSI', 'CNM', 'RSS');

-- --------------------------------------------------------

--
-- Table structure for table `filiere`
--

CREATE TABLE `filiere` (
  `id` int(11) NOT NULL,
  `Nom` varchar(20) NOT NULL,
  `Code` varchar(10) NOT NULL,
  `Capacite` int(10) NOT NULL
) ENGINE=MyISAM DEFAULT CHARSET=latin1;

--
-- Dumping data for table `filiere`
--

INSERT INTO `filiere` (`id`, `Nom`, `Code`, `Capacite`) VALUES
(1, 'Developement du syst', 'DSI', 36),
(21, 'Multi-Media', 'CNM', 20),
(30, 'Bahan', '36885', 100);

-- --------------------------------------------------------

--
-- Table structure for table `note`
--

CREATE TABLE `note` (
  `Matricule` varchar(9) DEFAULT NULL,
  `MG` varchar(5) DEFAULT NULL,
  `MSP` varchar(5) DEFAULT NULL,
  `MSPT` varchar(5) DEFAULT NULL,
  `MHE` varchar(5) DEFAULT NULL,
  `classement` varchar(10) DEFAULT NULL
) ENGINE=MyISAM DEFAULT CHARSET=utf8;

--
-- Dumping data for table `note`
--

INSERT INTO `note` (`Matricule`, `MG`, `MSP`, `MSPT`, `MHE`, `classement`) VALUES
('21020', '13,82', '13,80', '14,02', '13,64', '1'),
('21011', '13,72', '14,49', '12,98', '13,44', '2'),
('21063', '13,51', '13,00', '12,20', '15,51', '3'),
('21035', '13,36', '13,29', '13,48', '13,31', '4'),
('21072', '13,30', '10,82', '13,17', '16,75', '5'),
('21014', '13,17', '13,40', '11,97', '14,06', '6'),
('21056', '13,17', '13,22', '12,40', '13,89', '7'),
('21008', '13,02', '12,95', '11,41', '14,70', '8'),
('21061', '12,98', '14,08', '13,02', '11,48', '9'),
('21040', '12,57', '12,39', '11,15', '14,24', '10'),
('21047', '12,56', '11,87', '11,83', '14,23', '11'),
('21017', '12,47', '12,03', '11,11', '14,40', '12'),
('21003', '12,33', '12,04', '11,65', '13,39', '13'),
('21076', '12,23', '11,18', '12,38', '13,48', '14'),
('21052', '12,02', '11,91', '10,88', '13,32', '15'),
('21024', '12,00', '11,50', '10,69', '13,99', '16'),
('21068', '11,90', '12,12', '11,39', '12,09', '17'),
('21043', '11,86', '10,17', '12,00', '13,99', '18'),
('21032', '11,79', '11,03', '11,77', '12,84', '19'),
('21042', '11,61', '9,48', '10,11', '15,94', '20'),
('21012', '11,59', '12,00', '10,49', '12,16', '21'),
('21010', '11,45', '10,74', '10,30', '13,55', '22'),
('21045', '11,42', '9,29', '9,97', '15,71', '23'),
('21065', '11,41', '11,80', '9,62', '12,66', '24'),
('21018', '11,38', '11,37', '10,47', '12,28', '25'),
('21050', '11,35', '10,68', '9,48', '14,12', '26'),
('21029', '11,32', '10,53', '10,77', '12,92', '27'),
('21064', '11,27', '10,82', '9,56', '13,58', '28'),
('21060', '11,23', '10,02', '11,41', '12,68', '29'),
('21033', '10,95', '10,53', '10,88', '11,58', '30'),
('21021', '10,95', '9,23', '11,06', '13,16', '31'),
('21054', '10,86', '10,97', '8,10', '13,49', '32'),
('21066', '10,76', '11,30', '9,09', '11,72', '33'),
('21046', '10,74', '9,68', '8,59', '14,28', '34'),
('21053', '10,69', '9,74', '10,11', '12,56', '35'),
('21041', '10,55', '8,69', '8,70', '14,87', '36'),
('21016', '10,53', '9,86', '8,34', '13,60', '37'),
('21051', '10,40', '9,71', '9,32', '12,40', '38'),
('21027', '10,39', '9,73', '9,01', '12,67', '39'),
('21004', '10,27', '10,23', '10,52', '10,07', '40'),
('21031', '10,23', '10,50', '8,14', '11,97', '41'),
('21001', '10,12', '10,89', '8,84', '10,36', '42'),
('21055', '10,11', '9,28', '8,61', '12,69', '43'),
('21062', '10,05', '10,87', '7,95', '11,08', '44'),
('21022', '10,05', '8,16', '10,71', '11,90', '45'),
('21059', '9,91', '8,68', '8,54', '12,92', '46'),
('21028', '9,87', '9,67', '8,84', '11,17', '47'),
('21049', '9,84', '8,43', '7,54', '14,02', '48'),
('21030', '9,78', '9,32', '9,05', '11,12', '49'),
('21002', '9,76', '9,07', '8,96', '11,48', '50'),
('21005', '9,74', '8,08', '8,09', '13,60', '51'),
('21069', '9,67', '9,81', '10,04', '9,12', '52'),
('21070', '9,52', '8,47', '8,91', '11,53', '53'),
('21071', '9,47', '8,47', '6,59', '13,68', '54'),
('21009', '9,34', '8,33', '9,99', '10,03', '55'),
('21074', '9,34', '8,17', '8,03', '12,21', '56'),
('21075', '9,15', '8,95', '7,52', '11,04', '57'),
('21007', '9,15', '8,93', '7,93', '10,66', '58'),
('21006', '9,12', '8,65', '8,05', '10,84', '59'),
('21038', '9,09', '9,52', '9,27', '8,36', '60'),
('21019', '9,08', '8,26', '7,84', '11,42', '61'),
('21036', '8,89', '8,60', '8,18', '10,00', '62'),
('21048', '8,85', '8,40', '6,39', '11,90', '63'),
('21026', '8,84', '8,70', '7,68', '10,18', '64'),
('21034', '8,33', '7,29', '6,49', '11,57', '65'),
('21039', '8,11', '7,45', '6,93', '10,16', '66'),
('21058', '6,45', '5,94', '6,15', '7,44', '67'),
('21057', '4,99', '0,95', '4,13', '11,25', '68'),
('21025', '3,55', '2,68', '2,34', '5,92', '69'),
('21013', '3,18', '2,84', '2,63', '4,20', '70'),
('21044', '1,77', '0,56', '0,00', '5,15', '71'),
('21015', '0,51', '0,91', '0,00', '0,47', '72'),
('21023', '0,43', '0,00', '0,00', '1,42', '73'),
('21073', '0,38', '0,50', '0,00', '0,60', '74'),
('21037', '0,00', '0,00', '0,00', '0,00', '75'),
('21067', '0,00', '0,00', '0,00', '0,00', '76'),
('21077', '0,00', '0,00', '0,00', '0,00', '77');

-- --------------------------------------------------------

--
-- Table structure for table `resultat`
--

CREATE TABLE `resultat` (
  `matricule` int(11) DEFAULT NULL,
  `oriantation` varchar(3) DEFAULT NULL
) ENGINE=MyISAM DEFAULT CHARSET=latin1;

--
-- Indexes for dumped tables
--

--
-- Indexes for table `choix`
--
ALTER TABLE `choix`
  ADD KEY `matricule` (`matricule`);

--
-- Indexes for table `filiere`
--
ALTER TABLE `filiere`
  ADD PRIMARY KEY (`id`);

--
-- Indexes for table `resultat`
--
ALTER TABLE `resultat`
  ADD KEY `matricule` (`matricule`),
  ADD KEY `oriantation` (`oriantation`);

--
-- AUTO_INCREMENT for dumped tables
--

--
-- AUTO_INCREMENT for table `filiere`
--
ALTER TABLE `filiere`
  MODIFY `id` int(11) NOT NULL AUTO_INCREMENT, AUTO_INCREMENT=31;
COMMIT;

/*!40101 SET CHARACTER_SET_CLIENT=@OLD_CHARACTER_SET_CLIENT */;
/*!40101 SET CHARACTER_SET_RESULTS=@OLD_CHARACTER_SET_RESULTS */;
/*!40101 SET COLLATION_CONNECTION=@OLD_COLLATION_CONNECTION */;
